App,reviews
10 Best Foods for You,good;best;great;food;healthy
104 ÊâæÂ∑•‰Ωú - ÊâæÂ∑•‰Ωú ÊâæÊâìÂ∑• ÊâæÂÖºËÅ∑ Â±•Ê≠∑ÂÅ•Ê™¢ Â±•Ê≠∑Ë®∫ÁôÇÂÆ§,easy;good;job;nice;mobile
11st,and;not;you;for;there
1800 Contacts - Lens Store,easy;order;super;love;contacts
1LINE ‚Äì One Line with One Touch,game;love;nice;many;ads
2018Emoji Keyboard üòÇ Emoticons Lite -sticker&gif,good;keyboard;emoji;can't;really
21-Day Meditation Experience,meditation;love;day;full;review
"2Date Dating App, Love and matching",users;dating;good;send;many
2GIS: directory & navigator,in;not;application;you;of
2RedBeans,good;nice;find;really;great
2ndLine - Second Phone Number,error;calls;make;create;really
30 Day Fitness Challenge - Workout at Home,great;workout;love;easy;really
365Scores - Live Scores,".;highlights;amazing;,;may"
3D Live Neon Weed Launcher,best;working;used;live;colorado
4 in a Row,game;great;could;excellent;better
4K Wallpapers and Ultra HD Backgrounds,wallpapers;they're;4k;look;nice
591ÊàøÂ±ã‰∫§Êòì-ÁßüÂ±ã„ÄÅ‰∏≠Âè§Â±ã„ÄÅÊñ∞Âª∫Ê°à„ÄÅÂØ¶ÂÉπÁôªÈåÑ„ÄÅÂà•Â¢ÖÈÄèÂ§©„ÄÅÂÖ¨ÂØìÂ•óÊàø„ÄÅÊç∑ÈÅã„ÄÅË≤∑ÊàøË≥£ÊàøË°åÊÉÖ„ÄÅÊàøÂÉπÊàøË≤∏Êü•Ë©¢,not;for;of;and;be
591ÊàøÂ±ã‰∫§Êòì-È¶ôÊ∏Ø,of;english;filtering;criteria;lot
7 Cups: Anxiety & Stress Chat,people;listeners;get;help;connect
7 Day Food Journal Challenge,free;open;it.;every;7
7 Minute Workout,exercise;great;music;workout.;need
7 Weeks - Habit & Goal Tracker,habit;time;think;really;great
8 Ball Pool,game;get;play;coins;game.
850 Sports News Digest,sports;great;love;app.;good
8fit Workouts & Meal Planner,love;workouts;workout;i'm;meal
95Live -SG#1 Live Streaming App,english;chinese;nice;what;bad
A Call From Santa Claus!,santa;call;good;real;said
A Word A Day,words;awordaday;only;problem;keep
A&E - Watch Full Episodes of TV Shows,watch;great;love;commercials;many
A+ Gallery - Photos & Videos,good;delete;album;gallery;app.
A+ Mobile,love;easy;check;pay;deposit
ABC Kids - Tracing & Phonics,my;loves;game;good;kids
ABC News - US & World News,news;abc;news.;notifications;want
ABC Preschool Free,love;letters;brother;old;good
ABCmouse.com,my;can't;son;it.;know
AC - Tips & News for Android‚Ñ¢,ads;news;good;android;can't
ACE Elite,love;&;money;card;ace
"AD - Nieuws, Sport, Regio & Entertainment",not;and;of;news;on
AMC Theatres,good;amc;annoying;getting;another
ANA,not;check;flight;english;mobile
"AOL - News, Mail & Video",aol;new;email;emails;open
AP Mobile - Breaking News,news;review;full;article;story
APE Weather ( Live Forecast),good;nice;weather;really;love
"APUS Launcher - Theme, Wallpaper, Hide Apps",love;good;best;ads;much
ARY NEWS,news;good;working;need;channel
ARY NEWS URDU,good;live;not;ads;think
ASOS,easy;great;love;asos;items
ASUS Calling Screen,call;phone;calls;asus;calling
ASUS Cover for ZenFone 2,",;need;asus;improve;as"
ASUS Quick Memo,"personally,;making;sense!;2;strings"
ASUS Sound Recorder,good;nice;quality;easy;add
ASUS SuperNote,notes;note;page;save;account.
"AT&T Navigator: Maps, Traffic",several;easy;phone;app.;years
AT&T Smart Wi-Fi,"wifi;never;galaxy;home;phone,"
AT&T Visual Voicemail,voicemail;get;app.;new;visual
"AVG Cleaner ‚Äì Speed, Battery & Memory Booster",avg;get;good;app.;phone
Abs Training-Burn belly fat,day;good;get;really;first
Account Manager,sony;phone;can't;update;xperia
Accounting App - Zoho Books,great;good;accounting;need;business
AccuWeather: Daily Forecast & Live Weather Reports,weather;fix;really;crashes;widget
Acorn TV: World-class TV from Britain and Beyond,full;back;cast;video;review
Acorns - Invest Spare Change,started;using;update;account;would
AdWords Express,great;you;google;business;time
Ada - Your Health Guide,questions;symptoms;ada;good;helpful
Add Text To Photo,text;add;get;good;perfect
Adobe Acrobat Reader,adobe;pdf;open;app.;file
Adobe Photoshop Express:Photo Editor Collage Maker,really;great;picture;adobe;editing
Advanced Task Killer,update;used;phone;android;still
Agar.io,game;play;get;fix;people
Age Calculator,age;need;good;u;nice
Agoda ‚Äì Hotel Booking Deals,easy;hotel;and;booking;agoda
Air Traffic,planes;altitude;aircraft;flying;flight
AirAsia,login;can't;connection;big;password
AirBrush: Easy Photo Editor,great;good;used;best;easy
Airbnb,airbnb;would;even;booking;great
Airport + Flight Tracker Radar,flight;good;can't;great;airport
Airway Ex - Intubate. Anesthetize. Train.,great;game;controls;realistic;can't
Akinator,game;vip;guess;even;says
AlReader -any text book reader,best;text;read;reading;add
Alarm Clock,alarm;set;go;can't;always
Alarm Clock Free,alarm;go;time;used;work
Alfred Home Security Camera,great;ads;free;going;upgrade
"AliExpress - Smarter Shopping, Better Living",app.;price;buy;really;received
All Email Providers,ads;great;ok.....!;never;let
All Events in City,events;app.;event;organisers;best
All Football - Latest News & Videos,best;football;love;everything;news
"All Football GO- Live Score, Games","good;live;app,;best;sports"
All Language Translator Free,language;translate;much;good;nice
All Maths Formulas,best;math;studying;hard;ads
All Mental disorders,mental;disorders;best;i'm;went
All Social Networks,every;ads;time;good;pop
All Video Downloader 2018,good;videos;best;love;super
"All-In-One Toolbox: Cleaner, Booster, App Manager",works;good;app.;love;clear
All-in-One Mahjong 3 FREE,love;let;go;lack;room
Allegiant,made;airline;experience;lot;better.
Allrecipes Dinner Spinner,recipes;recipe;make;great;love
Alto's Adventure,"game;game.;great;game,;get"
Amazon Drive,amazon;drive;storage;cloud;good
"Amazon FreeTime ‚Äì Kids‚Äô Videos, Books, & TV shows",content;able;kids;love;access
Amazon Kindle,kindle;books;book;read;new
Amazon Prime Video,great;works;amazingly.;reliable;decides
Amazon Shopping,amazon;love;good;app.;always
Amazon for Tablets,update;australian;still;amazon;store.
American Airlines,flight;boarding;gate;check;pass
Amex Mobile,app.;log;credit;great;update
Amino: Communities and Chats,amino;friends;get;new;love
Amtrak,train;reservation;number;not;even
Anatomy Learning - 3D Atlas,great;would;3d;love;really
Ancestry,family;tree;great;easy;update
AndroZip‚Ñ¢ FREE File Manager,even;app.;file;used;unzip
"Android Auto - Maps, Media, Messaging & Voice",car;music;android;google;app.
Android Messages,messages;group;app.;messaging;sent
Anger of stick 5 : zombie,game;good;really;cool;keeps
Angry Birds 2,game;birds;get;angry;love
Angry Birds Classic,game;play;get;ads;love
Angry Birds Rio,game;add;ads;play;get
Animal Planet GO,love;shows;great;animal;watch
Animated Photo Editor,good;love;nice;bad;awesome
Anime Avatar Creator: Make Your Own Avatar,make;could;wish;ads;hate
Anime Manga Coloring Book,love;color;good;anime;thing
Anthem Anywhere,can't;login;log;information.;even
Anthem BC Anywhere,can't;get;id;even;login
"Any.do: To-do list, Calendar, Reminders & Planner",tasks;update;love;even;want
Apartment Decorating Ideas,useful;practical;young;owner;me.
"Apartment List: Housing, Apt, and Property Rentals",great;apartment;apartments;need;apt
"Apartment, Home Rental Search: Realtor.com Rentals",find;open;waste;look;app.
Apartments & Rentals - Zillow,love;place;not;rent;find
Apartments.com Rental Search,apartments;apartment;listings;reviews;rent
Apex Launcher,update;home;still;can't;drawer
Apk Installer,install;apk;need;simple;installer
App vault,please;ads;update;want;turn
AppLock,lock;locked;it.;pictures;time
AppLock - Fingerprint,lock;phone;please;help;working
Apple Daily ËòãÊûúÂãïÊñ∞ËÅû,news;and;you;update;have
Aprender ingl√©s con Wlingua,good;learn;and;be;that
Archos File Manager,archos;phone;storage;good;delete
Arrow.io,game;play;fix;good;fun
Asana: organize team projects,asana;love;get;task;add
Ascape VR: 360¬∞ Virtual Travel,paid;even;tours;nothing;great
Asphalt 8: Airborne,game;play;good;can't;game.
Associated Credit Union Mobile,easy;great;love;check;would
Asteroids 3D live wallpaper,really;live;wallpaper;cool;beautiful
Atlan3D Navigation: Korea navigator,and;not;navigation;you;of
AutoCAD - DWG Viewer & Editor,.;create;autocad;free;editing
AutoScout24 Switzerland ‚Äì Find your new car,good;great;super;easy;filtering
Avakin Life - 3D virtual world,game;get;love;really;good
Aviary Effects: Classic,effects;aviary;can't;photo;free
Aviary Stickers: Free Pack,good;stickers;find;great;photo
Azar,"nice;,;gems;good;worst"
Azpen eReader,books;love;read;get;azpen
B612 - Beauty & Filter Camera,please;good;and;hate;fix
BBC Media Player,bbc;video;work;videos;news
BBC News,news;video;get;time;-
BBC Sport,videos;live;sport;sports;news
BBM - Free Calls & Messages,bbm;messaging;features;using;app.
BBVA Compass Banking,&;check;account;great;bank
BBVA Spain,you;they;best;application;can
BBW Dating & Curvy Singles Chat- LargeFriends,great;people;can't;you;find
BBW Dating & Plus Size Chat,people;see;i'm;even;get
BBWCupid - BBW Dating App,free;read;paid;can't;no
BELONG Beating Cancer Together,good;great;people;helpful;going
BEST CAR SOUNDS,nice;sounds;love;good;awesome
BET NOW - Watch Shows,tv;cable;provider;show;watch
BEYBLADE BURST app,game;love;make;attack;bey
BIG Launcher,launcher;phone;big;great;able
BLK - Swipe. Match. Chat.,women;even;black;people;would
BZWBK24 mobile,not;application;of;in;you
BaBe - Baca Berita,"news;be;content;lot;inconsequential,"
BaBe Lite - Baca Berita Hemat Kuota,and;good;saw;tongfang;great
BaBe+ - Berita Indonesia,not;good;just;great;news
Babbel ‚Äì Learn Languages,language;could;pay;it.;learn
Babbel ‚Äì Learn Spanish,learn;spanish;way;learning;language
Baby ABC in box! Kids alphabet games for toddlers!,game;good;my;child;year
Baby Monitor,phone;baby;works;call;would
Baby Name Together,"names;good;names.;app,;variety"
Baby Panda Care,game;cute;hate;love;make
Baby Panda Learns Shapes,good;baby;my;shapes;love
Baby Panda Musical Genius,love;baby;good;great;ur
Baby Panda‚Äôs Juice Shop,"game;interesting;it,;need;add"
Baby Tiger Care - My Cute Virtual Pet Friend,game;nice;thhhiiss;lot;:d
Baby puzzles,game;ads;year;my;2
"Baca- Berita Terbaru, Informasi, Gosip dan Politik",news;good;and;...;if
Backgrounds (HD Wallpapers),search;wallpapers;wallpaper;there;best
Backgrounds HD (Wallpapers),good;not;wallpaper;nice;quality
BaconReader for Reddit,reddit;app.;load;best;long
Bad Piggies,game;level;fix;el;levels
Badoo - Free Chat & Dating App,fake;great;people;good;time
Bagan - Myanmar Keyboard,keyboard;not;use;convenient;nice
Banco Ita√∫,and;not;of;in;have
Banco do Brasil,and;not;need;can;bb
Bancomer m√≥vil,facial;use;my;that;they
Banfield Pet Health Tracker,time;appointment;even;app.;schedule
Bangla Newspaper ‚Äì Prothom Alo,time;log;much;shows;app.
Banjo,news;great;get;account;app.
Bank of America Mobile Banking,log;tried;phone;account;love
BankMobile Vibe App,easy;great;love;issue;get
Banorte Movil,you;of;can;for;card
Banque Populaire,not;and;can;for;in
Barbie Life‚Ñ¢,game;super;fun;say;love
Barbie Magical Fashion,game;good;make;much;pay
Barbie‚Ñ¢ Fashion Closet,game;love;fun;play;good
Barclays US for Android,fingerprint;password;login;app.;keeps
Barcode Scanner,works;barcode;scanner;good;best
Baritastic - Bariatric Tracker,love;easy;track;helpful;app.
Baseball Boy!,game;ads;get;many;ad
Basketball FRVR - Shoot the Hoop and Slam Dunk!,game;play;time;good;really
Basketball Stars,game;play;time;get;game.
Bathroom Decorating Ideas,bathroom;awesome;beautiful;ideas;decoration
Battlelands Royale,game;battle;get;would;pass
Be A Legend: Soccer,game;time;connection;get;even
BeSoccer - Soccer Live Score,good;best;app.;see;also
BeWild Free Dating & Chat App,dating;wild;milf;think;free
Beautiful Design Birthday Cake,good;nice;game;cake;think
Beautiful Widgets Free,weather;widget;location;clock;time
Beautiful Widgets Pro,weather;time;widget;update;used
Beauty Camera - Selfie Camera,ad;app.;can't;please;fix
Beauty Makeup Snappy Collage Photo Editor - Lidow,good;especially;landscapes;images;sometimes
BeautyPlus - Easy Photo Editor & Selfie Camera,love;‚ù§Ô∏è;iiiirf;good;lick
Bed Time Fan - White Noise Sleep Sounds,"if;app,;i'd;lug;fan"
Best Car Wallpapers,bad;there;exciting;cars;mustang
Best Fiends - Free Puzzle Game,"everyone;best;fiends.;relaxing,;fun,"
Best Ovulation Tracker Fertility Calendar App Glow,seemed;great;first;used;came
"Best Wallpapers Backgrounds(100,000+ 4K HD)",wallpapers;cool;love;know;great
Best Wallpapers QHD,love;wallpaper;wallpapers;pictures;quality
"BestCam Selfie-selfie, beauty camera, photo editor",bad;good;fake;worst;nice
BetterMe: Weight Loss Workouts,really;work;love;exercises;great
Betterment,see;account;update;betterment;would
BeyondMenu Food Delivery,easy;order;restaurant;app.;love
BeyondPod Podcast Manager,update;full;review;podcast;latest
Bible,bible;love;great;full;review
Big Days - Events Countdown,events;love;great;can't;open
"BigOven Recipes, Meal Planner, Grocery List & More",recipes;love;recipe;grocery;using
"BiggerCity: Chat for gay bears, chubs & chasers",great;good;people;profile;i'm
Bike Computer - GPS Cycling Tracker,good;need;phone;ride;bike
Binaural Beats Meditation,good;app.;nice;play;really
Binaural Beats Therapy,even;good;binaural;background;would
BioLife Plasma Services,even;never;reschedule;log;can't
Birdays ‚Äì Birthday reminder,birthdays;would;add;phone;birthday
Birds Sounds Ringtones & Wallpapers,birds;good;sound;sounds;please
Black People Meet Singles Date,bpm;fake;love;know;back
Block Puzzle,game;love;game.;time;get
Block Puzzle Classic Legend !,game;time;love;enjoy;nice
Blogaway for Android (Blogger),post;publish;fix;please;can't
Blogger,blogger;post;google;get;app.
Bloglovin',blogs;read;blog;posts;can't
Blood Donor,donor;blood;card;rapid;donation
Blood Pressure,great;pressure;blood;easy;doctor
Blood Pressure Log - MyDiary,easy;great;love;bp;blood
Blood Pressure(BP) Diary,access;account;data;bp;omron
Bloomberg Professional,fingerprint;bloomberg;update;android;get
Bloomberg: Market & Financial News,bloomberg;app.;pay;news;read
Blossom Blast Saga,game;love;levels;i'm;play
BluTV,of;with;not;you;can
Blur Image Background,nice;good;love;it!!!;aright
Blur Image Background Editor (Blur Photo Editor),ads;good;ok;nice;way
Booking.com Travel Deals,hotel;booking;not;time;price
Bowmasters,game;ads;get;fun;really
Box,good;great;access;documents;best
Boxed Wholesale,love;order;prices;great;items
Boys Photo Editor - Six Pack & Men's Suit,good;nice;vi;working;photo
Brain Waves - Binaural Beats,beats;binaural;using;fix;great
Branch,loan;branch;best;time;payment
Brasileir√£o Pro 2018 - S√©rie A e B,good;have;and;of;in
"Breaking News, Local news, Attacks and Alerts Free",news;really;your;just;you
Brightest Flashlight Free ¬Æ,flashlight;need;highly;recommend;app.
Brightest LED Flashlight,great;light;just;simple;light.
Brilliant,approach;fun;learn;problems;learning
Brit + Co,articles;would;can't;load;favourite
British Airways,boarding;time;logs;app.;date
Browser 4G,good;fast;nice;n;far
Bualuang mBanking,not;of;have;what;know
Bubble Shooter,game;love;good;fun;game.
Bubble Shooter 2,game;fun;connect;able;fb
Bubble Shooter Genies,game;time;levels;level;great
Bubble Shooter Space,game;good;bubble;ok;levels
Bubble Witch 3 Saga,game;get;level;play;games
Buienradar - weer,rain;and;not;for;that
Build a Bridge!,game;good;great;level;controls
Bukalapak - Jual Beli Online,in;of;for;on;and
BukuBayi - Perkembangan Bayi,application;for;good;of;development
Burner - Free Phone Number,auto;cancel;time;support;it.
Buscap√© - Ofertas e descontos,for;you;not;search;in
Business Calendar 2,calendar;good;would;task;i'm
Butterfly Live Wallpaper,love;butterfly;best;nice;butterflies
Buzz Launcher-Smart&Free Theme,launcher;buzz;using;love;screen
"BuzzFeed: News, Tasty, Quizzes",love;would;can't;sign;great
"B√ÅO M·ªöI - ƒê·ªçc B√°o, Tin T·ª©c 24h",not;are;good;or;there
C Programming,good;c;would;ads;learn
C++ Programming,many;ads;good;really;u
C++ Tutorials,good;nice;easy;great;ads
CAIXA,and;not;in;my;that
CALCU‚Ñ¢ Stylish Calculator Free,best;calculator;calculator.;great;well
CATS: Crash Arena Turbo Stars,game;get;really;time;fun
CBS News,find;hoping;feature;yesterday;news
"CBS Sports App - Scores, News, Stats & Watch Live",sports;see;good;games;want
CBS Sports Fantasy,fantasy;new;way;good;advertisements
CDL Practice Test 2018 Edition,cdl;test;good;questions;get
CIA - Caller ID & Call Blocker,call;good;find;info;information
"CM Browser - Ad Blocker , Fast Download , Privacy",best;ever.;worst;app.;open
"CM Flashlight (Compass, SOS)",loved;nc;bright!;love;compass
"CM Launcher 3D - Theme, Wallpapers, Efficient",cool;launcher;fast;phone;really
CM Locker - Security Lockscreen,phone;good;ads;lock;screen
CMB Free Dating App,people;get;dating;nice;app.
CNBC: Breaking Business News & Live Market Data,stock;cnbc;news;easy;watch
CNN Breaking US & World News,cnn;news;watch;trump;always
COOKING MAMA Let's Cook!,game;u;love;ads;cooking
CVS Caremark,easy;order;cvs;good;refill
CW Seed,watch;shows;good;great;show
CWT To Go,travel;great;good;business;app.
Cache Cleaner-DU Speed Booster (booster & cleaner),good;app.;clean;ads;stop
Caf - Mon Compte,almost;5!;practical;not;graphic:
"Calculator - free calculator, multi calculator app","permissions;say;prevents;phone;sleeping,"
Calculator - unit converter,"india;,;great;calculator;different"
Calculator Plus Free,great;loads;fast;simple;difficult
Calculator with Percent (Free),really;nice;app.;least;basics
Calendar Widget Month + Agenda,my;problem;already;purchased;cannot
Calendar+ Schedule Planner App,still;love;updated;calendar;2015:
Call Blocker,block;annoying;finally;far;able
Call Control - Call Blocker,"block;number;there;""pick;up/"
Call of Duty:Black Ops Zombies,game;play;online;doesn't;even
"CallApp: Caller ID, Blocker & Phone Call Recorder",love;never;let;down.;and
Caller ID +,found;what;scam;haven't;even
Calls & Text by Mo+,free;good;great;data;calls.
Calls Blacklist - Call Blocker,block;numbers;list.;annoying;call
"Calm - Meditate, Sleep, Relax",meditation;free;love;sleep;really
Calorie Counter & Diet Tracker,food;track;calories;really;great
Calorie Counter - EasyFit free,good;easy;food;calories;track
Calorie Counter - Macros,food;great;macros;would;love
Calorie Counter - MyFitnessPal,calories;even;track;food;can't
Calorie Counter - MyNetDiary,love;great;weight;track;easy
Cameringo Lite. Filters Camera,best;lite;camera;filter;useful
Candy Bomb,game;love;nice;ads;good
"Candy Camera - selfie, beauty camera, photo editor",camera;filters;candy;good;front
Candy Crush Jelly Saga,game;get;not;game.;pass
Candy Crush Saga,game;level;get;lives;5
Candy Crush Soda Saga,game;get;level;play;time
Candy Day,game;love;play;fun;really
Candy Pop Story,game;play;love;fun;ads
Candy Smash,game;fun;far;good;nice
"Candy selfie - photo editor, live filter camera",best;and;in;love;great
"Canva: Poster, banner, card maker & graphic design",love;design;using;make;easy
Canvas Student,replies;there;great;discussion;way
Cat Sim Online: Play with Cats,game;love;make;cute;u
Caviar - Food Delivery,delivery;food;fees;great;easy
Chakra Cleansing,love;good;meditation;chakra;tones
Championat,not;and;in;you;on
Chapters: Interactive Stories,game;choices;get;stories;gems
Chase Mobile,chase;time;app.;can't;login
"Chat Rooms, Avatars, Date - Galaxy",galaxy;id;new;used;you
ChatVideo Meet new people,fix;nice;chat;video;time
Cheap Flights & Hotels momondo,price;good;option;app.;flight
Cheap hotel deals and discounts ‚Äî Hotellook,price;good;hotels;booking;site
"CheapTickets ‚Äì Hotels, Flights & Travel Deals",easy;always;cheap;love;great
Cheapflights ‚Äì Flight Search,good;price;great;nice;perfect
CheckPoints üèÜ Rewards App,get;points;earn;love;5
Checkers ‚úîÔ∏è,game;game.;player;get;play
Checkout 51: Grocery coupons,offers;items;back;can't;products
Choice Hotels,hotels;love;night;easy;makes
Choices: Stories You Play,game;diamonds;get;stories;make
Christian Dating For Free App,people;christian;dating;would;user
Chrome Beta,google;love;new;beta;better
Chrome Dev,chrome;open;new;can't;please
Cinemark Theatres,tickets;movie;buy;crashes;time
Cisco Webex Meetings,phone;audio;good;screen;meetings
Cisco Webex Teams,spark;great;call;message;new
Citi Mobile¬Æ,get;even;app.;slow;login
Citibanamex Movil,you;that;with;can;in
Citizens Bank Mobile Banking,mobile;bank;app.;widget;works
CityMaps2Go Plan Trips Travel Guide Offline Maps,great;used;love;find;offline
Claro,not;of;that;you;even
Clash Royale,game;get;good;cards;play
Clash of Clans,game;also;playing;love;it.
Color Flashlight,light;color;not;even;flashlight
Color Road,game;play;many;screen;time
Color Touch Effects,easy;love;it.;colors;photos
Color by Number - Draw Sandbox Pixel Art,game;good;fun;pictures;love
Color by Number ‚Äì New Coloring Book,love;would;could;great;really
ColorFil - Adult Coloring Book,color;pictures;game;get;great
ColorNote Notepad Notes,notes;love;easy;note;app.
ColorSnap¬Æ Visualizer,color;even;paint;not;work.
Colorfit - Drawing & Coloring,pictures;color;coloring;free;diamonds
Colorful Glitter Neon Butterfly Keyboard Theme,nice;really;after;love;theme
Colorfy: Coloring Book for Adults - Free,pay;free;get;color;would
Coloring & Learn,good;nice;kids;coloring;my
Coloring book moana,love;ads;hate;kid's;excessive
Comedy Central,watch;episode;show;tv;new
Common Core,math;common;core;really;study
Comptia A+ 220-901 & 220-902,"great;questions;really;app,;good"
ConnectLine,hearing;phone;streamer;oticon;get
Contacts,contacts;google;contact;phone;sync
Contacts+,good;great;contacts;call;sms
Content Transfer,transfer;old;phone;everything;new
ConvertPad - Unit Converter,currency;screen;used;see;+
Cookbook Recipes,recipes;love;easy;great;make
Cooking Channel,love;shows;free;every;ads
Cooking Fever,game;gems;get;game.;play
Cooking Madness - A Chef's Restaurant Games,game;get;game.;really;make
Cookpad,recipes;search;helpful;love;cooking
Cool Popular Ringtones 2018 üî•,ringtone;nice;would;music;not
Cool Reader,read;sd;using;reader;love
Couch to 10K Running Trainer,10k;great;week;get;5k
Couch to 5K by RunDouble,run;running;i'm;love;start
Couchsurfing Travel App,people;get;app.;hosts;easy
Cougar Dating Life : Date Older Women Sugar Mummy,people;using;time;many;you
Couple - Relationship App,great;would;love;little;also
Credit Karma,credit;score;great;track;score.
Credit Sesame,credit;get;would;score;got
CreditWise from Capital One,credit;score;would;score.;get
Crew - Free Messaging and Scheduling,crew;great;love;communication;keep
Cricbuzz - Live Cricket Scores & News,ads;app.;cricket;cricbuzz;much
Cricket Visual Voicemail,play;button;voicemail;get;speaker
Crossy Road,game;love;get;great;fun
Crunchyroll - Everything Anime,watch;ads;anime;can't;love
Current debit card and app made for teens,money;love;get;great;easy
Curriculum vitae App CV Builder Free Resume Maker,cv;can't;good;easy;best
Curso de Ingles Gratis,good;english;thank;you;learn
Cut the Rope 2,game;ads;get;time;many
Cut the Rope FULL FREE,game;ads;get;really;every
Cycling - Bike Tracker,great;good;distance;time;perfect
"Cymera Camera- Photo Editor, Filter,Collage,Layout",good;editing;used;best;love
Czech Public Transport IDOS,good;that;for;even;version
DC Comics,comics;great;read;dc;comic
DC Super Hero Girls‚Ñ¢,game;love;dc;good;best
DEAD TARGET: FPS Zombie Apocalypse Survival Games,game;gold;good;play;love
DEER HUNTER 2018,uninstall;reinstall;hunt;movement;scope
DELISH KITCHEN - ÁÑ°Êñô„É¨„Ç∑„ÉîÂãïÁîª„ÅßÊñôÁêÜ„ÇíÊ•Ω„Åó„Åè„ÉªÁ∞°Âçò„Å´ÔºÅ,easy;can;good;___;and
DINO HUNTER: DEADLY SHORES,game;get;play;would;great
DIY Garden Ideas,ideas;good;great;better;interesting
DIY On A Budget,great;love;ideas;fb;page
DMV Permit Practice Test 2018 Edition,test;get;great;love;test.
DRAGON BALL LEGENDS,game;full;review;great;characters
DSLR Camera Hd Ultra Professional,good;add;nice;waste;camera
DStv Now,tv;watch;since;update;please
DU Browser‚ÄîBrowse fast & fun,engine;video;can't;time;new
"DU Recorder ‚Äì Screen Recorder, Video Editor, Live",record;recording;video;good;audio
Daily Workouts - Exercise Fitness Routine Trainer,really;great
Daily Yoga - Yoga Fitness Plans,really;yoga;love;pay;get
"Dailyhunt (Newshunt) - Latest News, Viral Videos","news;hate;videos;app,;mainly"
Dairy Queen,&;my;stomach;tried;national
Daniel Tiger for Parents,wish;children;show;lessons;my
DashClock Widget,"most;still;functional,;gmail;integration"
Dashlane Free Password Manager,"app,;great;use.;things;secure"
"Dating App, Flirt & Chat : W-Match",fact;people;pop;x;20
Dating for 50 plus Mature Singles ‚Äì FINALLY,love;looking;far;good;kool
Daum Mail - Îã§Ïùå Î©îÏùº,mail;good;looked;noticed;gap
Davis's Drug Guide,when;started;year;subscription;came
Davis's Drug Guide for Nurses,would;made;nursing;school;without
Debonairs Pizza,store;option;time;call;still
"Delivery Club‚Äì–î–æ—Å—Ç–∞–≤–∫–∞ –µ–¥—ã:–ø–∏—Ü—Ü–∞,—Å—É—à–∏,–±—É—Ä–≥–µ—Ä,—Å–∞–ª–∞—Ç",not;of;in;and;for
Delta Dental,can't;try;login;dentist;freezes
Despegar.com Hoteles y Vuelos,you;in;buy;of;good
Detector de Radares Gratis,good;sound;excellent;nice;you
Device Help,moto;update;help;phone;plus
Diabetes & Diet Tracker,great;track;full;need;food
Diabetes:M,easy;i'm;best;everything;diabetes
Diamond Zipper Lock Screen,love;good;screen;hate;liked
Diary with lock,write;diary;really;get;want
Diary with lock password,diary;back;love;can't;password
Dictionary - Merriam-Webster,dictionary;words;best;problem;i'm
Die TK-App ‚Äì alles im Griff,not;and;in;with;sick
Digg,google;digg;video;sign;get
DigiCal Calendar Agenda,calendar;&;google;options;widget
Digit Save Money Automatically,money;account;bank;digit;love
Digital Alarm Clock,alarm;clock;back;new;time
Dil Mil,customer;app.;ask;phone;vip
Dino War: Rise of Beasts,"game;new;please;want;game,"
Dinosaur Simulator: Dino World,game;many;ads;way;guys
Discover Mobile,never;extremely;hit;miss.;messaging
Disney Heroes: Battle Mode,"your;hello,;thanks;for;schedule."
Disney Magic Kingdoms: Build Your Own Magical Park,game;characters;get;update;play
DisneyNOW ‚Äì TV Shows & Games,watch;shows;disney;favorite;love
Divar,not;you;of;and;in
Do It Later: Tasks & To-Dos,task;tasks;make;phone;deleted
Docs To Go‚Ñ¢ Free Office Suite,file;open;good;pdf;get
Doctor On Demand,great;doctor;way;love;nice
Doctor Pets,game;love;pets;good;animals
Dog Licks Screen Wallpaper,love;dog;wallpaper;good;would
Dog Run - Pet Dog Simulator,game;love;subway;surfers;much
Dog Sim Online: Raise a Family,game;amazing;make;little;keep
Domino's Pizza USA,order;pizza;love;always;coupons
Dominos Game ‚úîÔ∏è,ads;game;many;too;advertising
"Domofond –ù–µ–¥–≤–∏–∂–∏–º–æ—Å—Ç—å. –ö—É–ø–∏—Ç—å, —Å–Ω—è—Ç—å –∫–≤–∞—Ä—Ç–∏—Ä—É.",in;of;you;and;with
Doodle Jump,game;love;good;many;great
Door Lock Screen,good;nice;lock;screen;love
DoorDash - Food Delivery,order;time;delivery;would;get
Dosecast - Medication Reminder,take;meds;&;time;app.
Down Dog: Great Yoga Anywhere,yoga;love;i'm;really;get
Dr. Oetker Rezeptideen,excellent;english;and;recipes;pictures
Dr. Panda & Toto's Treehouse,love;game;cute;my;old
Dr. Panda Restaurant 3,game;love;2;food;pay
Dr. Panda Town: Vacation,game;free;games;make;please
DraftKings - Daily Fantasy Sports,love;great;easy;money;fun
Dragon Hills,game;good;level;fun;dragon
Draw A Stickman,think;game;prototype;draw;stick
Draw In,fun;boring;addictive;what;think
Draw Your Game,game;omg;who;owner;of
Draw a Stickman: EPIC 2,stick;good;man;game;games
Drawing for Kids Learning Games for Toddlers age 3,good;encouraged;daughter;draw;easy
Dream League Soccer 2018,game;pass;play;always;solve
DreamTrips,love;best;dreamtrips;travel;great
DreamWorks Friends,shrek;my;pay;can't;characters
Dresses Ideas & Fashions +3000,good;see;dress;.;and
Droid Zap by Motorola,phone;can't;droid;it.;install
DroidAdmin for Android - Advice,fake;real;review;don't;brilliant
Dropbox,dropbox;free;app.;google;upload
Drugs.com Medication Guide,drug;meds;interactions;app.;know
Dude Perfect 2,game;love;get;dude;good
Dumb Ways to Die 2: The Games,game;many;ads;every;time
Dungeon Hunter Champions: Epic Online Action RPG,game;really;play;great;5
Dunkin' Donuts,order;go;new;card;coffee
Duolingo: Learn Languages Free,learn;language;learning;would;really
DuraSpeed,phone;works;background;my;still
E*TRADE Mobile,work;2;keep;stream;want
"Easy - taxi, car, ridesharing",good;for;sometimes;taxi;they
Easy Hair Style Design,nice;good;love;hair;amazing
Easy Healthy Recipes,recipes;easy;love;good;awesome
Easy Installer - Apps On SD,sd;not;work;worst;can't
Easy Makeup Tutorials,makeup;good;scam;love;learn
Easy Origami Ideas,good;steps;origami;app.;make
Easy Recipes,recipes;easy;good;love;great
Easy Voice Recorder,recording;record;great;voice;good
EasyBib: Citation Generator,email;can't;app.;citations;-
Eat Fit - Diet and Health Free,great;really;good;get;love
Eat24 Food Delivery & Takeout,delivery;order;restaurant;food;easy
EatStreet Food Delivery App,food;great;order;delivery;easy
"Ebates: Cash Back, Coupons, Rewards & Savings",cash;back;get;great;love
Ebook Reader,books;book;read;back;app.
Ecobank Mobile Banking,can't;bank;get;account;even
Edmodo,good;students;even;password;really
Educational Games 4 Kids,game;my;old;kids;good
Educational Games for Kids,game;kids;good;nice;2
El tiempo de AEMET,at;widget;of;when;time
English with Lingualeo,not;and;in;application;with
English-Myanmar Dictionary,good;words;want;useful;thanks
Entel,of;can;my;time;in
Enterprise Rent-A-Car,great;easy;enterprise;makes;would
Episode - Choose Your Story,game;love;get;story;time
Epocrates Plus,every;information;great;easy;time
Equestria Girls,game;make;please;and;love
Essential Anatomy 3,full;anatomy;review;would;version
Essential Resources,phone;screen;full;essential;android
Etsy: Handmade & Vintage Goods,love;etsy;try;please;good
Etta Homes,great;homes;home;love;app!
Eurosport,get;loading;every;unknown;way
"Eve Period Tracker - Love, Sex & Relationships App",love;helpful;best;tracking;easy
"Even - organize your money, get paid early",great;sign;even;amount;got
"Evernote ‚Äì Organizer, Planner for Notes & Memos",notes;used;full;review;evernote
Evie Launcher,launcher;search;evie;would;new
ExDialer - Dialer & Contacts,dialer;stock;app.;phone;call
"Expedia Hotels, Flights & Car Rental Travel Deals",hotels;booking;expedia;get;book
Expense IQ Money Manager,app.;using;paid;account;got
Experian - Free Credit Report,credit;score;free;score.;pay
Extreme Car Driving Simulator,game;car;said;and;drive
Extreme Coupon Finder,coupons;can't;used;you;stores
Extreme Match,game;fun;love;ads;play
Extreme Racing 2 - Real driving RC cars game!,game;bad;ever;cars;best
EyeCloud,camera;can't;try;password;even
EyeEm - Camera & Photo Filter,photos;great;good;get;still
EzCalculator,fraction;calculator;good;great;please
FBReader: Favorite Book Reader,reader;read;good;best;find
FERZU - Furries Social Network,get;people;really;-;i'm
"FIFA - Tournaments, Soccer News & Live Scores",world;live;get;fifa;no
FINAL FANTASY BRAVE EXVIUS,game;get;good;they;play
FOSSIL Q: DESIGN YOUR DIAL,watch;faces;work;wish;great
FOX,of;and;good;lot;you
FOX NOW - On Demand & Live TV,watch;get;want;even;cast
"FOX Sports: Live Streaming, Scores & News",game;great;app.;world;cup
FREEDOME VPN Unlimited anonymous Wifi Security,fortnite;easy;works;good;allow
"FUN Keyboard ‚Äì Emoji Keyboard, Sticker,Theme & GIF",thank;love;add;not;have
"Fabulous: Motivate Me! Meditate, Relax, Sleep",full;review;habits;good;great
"Face Filter, Selfie Editor - Sweet Camera",great;think;add;thank;stickers
Facebook,facebook;update;can't;see;time
Facebook Ads Manager,facebook;time;ads;ad;even
Facebook Lite,fb;video;need;facebook;app.
Facebook Local,events;going;good;way;can't
Facebook Pages Manager,time;update;message;notifications;even
Facetune - Ad Free,features;would;version;good;editing
Fake Call - Fake Caller ID,call;good;love;also;get
Fallout Shelter,game;get;great;love;vault
Family Album Mitene: Private Photo & Video Sharing,family;love;share;way;photos
Family Dollar,dollar;family;store;love;time
Family GPS Tracker and Chat + Baby Monitor Online,great;work;good;love;walkie
Family GPS tracker KidControl + GPS by SMS Locator,work;great;update;works;still
Family Locator - GPS Tracker,great;family;love;know;keep
FamilySearch Tree,family;can't;great;love;search
FanDuel: Daily Fantasy Sports,"play;get;,;great;easy"
Fancy Widgets,love;clock;weather;great;widget
Fandango Movies - Times + Tickets,movie;easy;get;app.;love
Fantasy Football,players;every;logs;time;go
Fantasy Football & NFL News,news;great;fantasy;players;player
Fantasy Football Manager (FPL),make;fantasy;great;better;app.
Farm Fruit Pop: Party Time,game;nice;good;time;playing
Farm Heroes Saga,game;gold;level;bars;love
Farming Simulator 14,game;good;plz;need;can't
Farming Simulator 18,game;phone;love;would;please
Fashion in Vogue,would;slow;want;not;work
Fast News,news;news.;great;read;fast
Fast Scanner : Free PDF Scan,good;easy;pdf;scanner;works
Fast Secure VPN,vpn;really;china;can't;please
"FastMeet: Chat, Dating, Love",good;people;love;fake;remove
Fat Burning Workout - Home Weight lose,ads;time;exercises;using;think
Fate/Grand Order (English),game;get;u;great;5
FidMe Loyalty Cards & Deals at Grocery Supermarket,cards.;samsung;gear;loyalty;code
File Browser by Astro (File Manager),time;memory;need;astro;file
File Explorer,much;&;es;really;good
File Manager,file;delete;update;says;i'm
File Manager -- Take Command of Your Files Easily,easy;clean;good;job;think
Files Go by Google: Free up space on your phone,file;google;need;phone;clean
FilterGrid - Cam&Photo Editor,every;can't;time;many;5
Filters for B Live,love;really;nice;install;jun
Filters for Selfie,good;love;bad;best;many
Final Fantasy XV: A New Empire,game;money;get;spend;play
Financial Times,good;articles;ft;article;also
Find Dining Restaurant Finder,love;restaurants;places;restaurant;time.
Find a Way: Addictive Puzzle,game;really;love;think;game.
Find&Save - Local Shopping,get;cash;receipt;time;$25
FindShip,ship;update;time;see;need
Firefox Browser fast & private,firefox;open;tab;even;new
Firefox Focus: The privacy browser,new;search;tab;firefox;open
Fishdom,game;get;love;fish;game.
Fitbit,exercise;7;first;app.;issue
Flashlight,good;flashlight;really;screen;ad
Flashlight & LED Torch,‚òÖ;job;nice;well;first
Flashlight - Torch LED Light,good;ever;flashlight;light;love
Flashlight HD LED,light.;screen;light;love;also
Flickr,upload;photos;great;even;would
Flight & Hotel Booking App - ixigo,flight;booking;good;money;ixigo
Flightradar24 Flight Tracker,app.;old;flights;paid;version
Flights,search;can't;doesn't;all;google
Flip the Gun - Simulator Game,game;ads;many;ad;time
FlipaClip - Cartoon animation,good;make;pmv;animation;give
Flipboard: News For Our Time,and;articles;love;news;great
Flipkart Online Shopping App,good;flipkart;product;app.;best
Flipp - Weekly Shopping,love;really;items;list;flipp
Flippy Campus - Buy & sell on campus at a discount,good;great;cool;university;love
FlirtChat - ‚ô•Free Dating/Flirting App‚ô•,good;nice;best;many;ok
Floor Plan Creator,add;could;3d;good;plan
Flow Free,game;game.;love;every;ads
Flowers Live Wallpaper,flowers;nice;love;wallpaper.;good
Fly Delta,get;boarding;would;check;still
FollowMyHealth¬Æ,get;would;health;information;see
Font Studio- Photo Texts Image,ads;ad;i'm;every;used
Food Calorie Calculator,food;good;phone;completely;no
Food Network,watch;tv;shows;show;network
Fooducate Healthy Weight Loss & Calorie Counter,food;love;best;using;nutrition
"Foot Mercato : transferts, r√©sultats, news, live",good;for;in;and;not
Football Live Scores,good;best;app.;football;matches
ForecaWeather,widget;weather;good;accurate;location
Fortune City - A Finance App,track;fun;way;keep;spending
Four In A Line,game;play;good;fun;level
Four In A Line Free,game;game.;great;version;get
Foursquare City Guide,places;find;i'm;you;way
Foursquare Swarm: Check In,check;can't;update;update.;please
Fox Business,fox;old;new;news;business
"Fox News ‚Äì Breaking News, Live Video & News Alerts",news;watch;fox;update;want
Fraction Calculator Plus Free,works;great;need;app.;work
Free & Premium VPN - FinchVPN,free;vpn;finch;i'm;servers
Free Dating & Flirt Chat - Choice of Love,time;waste;nice;good;get
Free Dating App & Flirt Chat - Cheers,great;ok;people;talk;lot
Free Dating App & Flirt Chat - Match with Singles,good;photo;nice;yet;cool
Free Dating App - Meet Local Singles - Flirt Chat,fake;people;trying;time;site
"Free Dating App - YoCutie - Flirt, Chat & Meet",yo;yet;new;far;free
Free Dating Hook Up Messenger,dating;free;chat;online;looking
Free Foreclosure Real Estate Search by USHUD.com,even;time;houses;not;get
Free Hypnosis,he;joseph;&;hypnosis;found
Free Live Talk-Video Call,don't;time;spent
Free Panda Radio Music,"ball;pan;,;man!;trying"
Free Sports TV,watch;sports;live;work;every
"Free TV Shows App:News, TV Series, Episode, Movies",shows;great;watch;free;many
Free VIN Report for Used Cars,information;info;great;app.;vin
Free live weather on screen,weather;love;good;nice;ads
"Free phone calls, free texting SMS on free number",free;phone;credits;get;call
FreePrints ‚Äì Free Photos Delivered,love;pictures;free;get;prints
Freeletics: Personal Trainer & Fitness Workouts,subscription;way;free;app.;can't
Freeme Launcher‚ÄîStylish Theme,launcher;good;drawer;option;nice
Fresh EBT - Food Stamp Balance,balance;card;would;love;also
FreshBooks Classic,freshbooks;time;app.;white;invoice
Frontback - Social Photos,good;camera;working;waste;you
Frozen Free Fall,game;love;it.;keeps;playing
Fruit Block - Puzzle Legend,problem;start;from;1st;level
Fruit Ninja¬Æ,game;fun;amazing;love;many
Fruits Bomb,game;good;game.;great;level
Fuelio: Gas log & costs,great;fuel;easy;app.;cost
Full Screen Caller ID,phone;nice;galaxy;call;pro
Fun Kid Racing,game;good;many;ads;children
Fun Kid Racing - Motocross,game;good;time;great;love
Funny Alarm Clock Ringtones,alarm;wake;sounds;get;way
Funny Pics,community;love;get;phone.;pictures
Fuzzy Seasons: Animal Forest,game;love;game!;cute;time
G Cloud Backup,phone;backup;cloud;backed;love
GANMA! - „Ç™„É™„Ç∏„Éä„É´Êº´Áîª„ÅåÂÖ®Ë©±ÁÑ°Êñô„ÅßË™≠„ÅøÊîæÈ°å,good;read;manga;you;japanese.
"GCash - Buy Load, Pay Bills, Send Money",account;gcash;pay;please;app.
GMAT Math Flashcards,great;flashcards;cards;good;review
GMAT Question Bank,questions;error;see;nice;good
GMX Mail,email;free;great;good;easy
"GO Keyboard - Cute Emojis, Themes and GIFs",love;go;keyboard;fix;years
"GO Keyboard - Emoticon keyboard, Free Theme, GIF",keyboard;good;without;change;please
GO Notifier,go;notification;notifier;work;unread
"GO SMS Pro - Messenger, Free Themes, Emoji",ads;dual;sim;now.;using
"GO Weather - Widget, Theme, Wallpaper, Efficient","weather;wallpaper;good;screen;app,"
GPS Map Free,just;good
GPS Speedometer and Odometer,great;works;fun;bullet;trains
"GPS Speedometer, Distance Meter",good;nice;really;and;accurate
GPS Status & Toolbox,gps;best;great;useful;accurate
GPS Traffic Speedcam Route Planner by ViaMichelin,route;good;car;navigation;great
GRE Flashcards,words;great;app.;learning;would
GRE Prep & Practice by Magoosh,magoosh;gre;videos;study;good
GRE Tutor,words;good;great;would;better
GS SHOP,good;english;please;korean;buy
GUNSHIP BATTLE: Helicopter 3D,game;gold;episode;give;fix
Galactic Core Free Wallpaper,wallpaper;great;get;version;even
Galaxy Attack: Alien Shooter,game;get;play;back;games
Game of Thrones: Conquest‚Ñ¢,even;play;got;game;pls
"Gametime - Tickets to Sports, Concerts, Theater",tickets;great;love;easy;always
Garden Coloring Book,love;game;coloring;color;good
Garden Fruit Legend,game;fun;love;great;playing
Garden Photo Frames - Garden Photo Editor,good;photo;kumar;nice;love
Gardenscapes,game;get;level;play;game.
Garena Free Fire,game;please;update;add;fix
Garmin Connect‚Ñ¢,garmin;get;watch;device;great
GasBuddy: Find Cheap Gas,gas;price;station;prices;best
Gay Sugar Daddy Dating & Hookup ‚Äì Sudy Gay,good;sugar;far;send;say
Gboard - the Google Keyboard,keyboard;google;typing;word;good
Gems or jewels ?,game;love;fun;good;great
Genius Scan - PDF Scanner,scan;scanning;work;pdf;email
Gmail,delete;email;gmail;new;open
GoBank,card;bank;back;cash;money
GoPro (formerly Capture),connect;gopro;camera;phone;can't
Goal Live Scores,good;time;please;fix;work
Goibibo - Flight Hotel Bus Car IRCTC Booking App,good;booking;worst;hotels;goibibo
Goku Wallpaper Art,love;wallpaper;best;good;cool
Gold Butterfly Keyboard Theme,good;love;nice;ad's;beautiful
Golden Dictionary (EN-AR),good;and;not;start;that
Golden Launcher,good;nice;phone;love;amazing
Goldstar: Live Event Tickets,great;love;good;prices;deals
Golf Channel,watch;time;would;golf;put
Golf GPS Rangefinder: Golf Pad,love;great;app.;gps;would
Golf GPS by SwingxSwing,update;round;app.;score;using
GolfLogix GPS + Putt Breaks,premium;want;time;paid;every
"GolfNow: Tee Time Deals at Golf Courses, Golf GPS",courses;golf;get;tee;course
Golfshot Plus: Golf GPS,gps;great;good;used;using
Golfshot: Golf GPS + Tee Times,great;golf;gps;using;club
GoodRx Drug Prices and Coupons,saved;insurance;money;my;good
Google,google;assistant;can't;voice;phone
Google Ads,google;business;account;get;adwords
Google Duo - High Quality Video Calls,video;duo;really;able;google
Google Earth,google;would;see;years;images
Google Fit - Fitness Tracking,watch;wear;phone;steps;much
Google Handwriting Input,android;nice;handwriting;write;app.
Google Keep,notes;widget;list;please;add
Google My Business,business;good;change;cover;fix
Google News,news;articles;stories;back;i'm
Google PDF Viewer,pdf;open;file;google;need
Google Pay,pay;google;card;would;phone
Google Photos,photos;google;photo;want;pictures
Google Primer,great;good
Google Slides,great;presentations.;greatest;part;share.
Google Street View,"my;from;read;update,;nothing"
Google Translate,translation;translate;idiom;english;tool
Google Trips - Travel Planner,useful
Google Voice,app.;always;try;fix;error
Google+,social;network;without;ads;plus
Granny,game;would;granny;game.;horror
Graphing Calculator,calculator;graphing;great;would;need
Grim Soul: Dark Fantasy Survival,game;get;game.;really;great
Groovebook Photo Books & Gifts,pictures;photos;love;pics;book
GroupMe,group;messages;notifications;phone;would
"Groupon - Shop Deals, Discounts & Coupons",groupon;great;love;good;time
Grubhub: Food Delivery,food;order;never;2;get
Guns of Glory,game;game.;money;bad;would
Gyft - Mobile Gift Card Wallet,card;gift;cards;balance;account
H Pack,not;use;will;it.;true
H TV,good;tv;many;channel;channels
H&M,new;even;old;back;app.
HBO GO: Stream with TV Package,hbo;great;app.;fix;watch
HD Camera,front;camera;error
HD Camera - Best Cam with filters & panorama,awesome;camera;best;seen;long
HD Camera - Quick Snap Photo & Video,good;great;...;love;easy
HD Camera Pro for Android,"camera;great;good,;nice;has"
HD Camera Ultra,camera;good;app.;rate;access
HD Camera for Android,camera;good;great;nice;awesome
HD Movie Video Player,ads;video;many;videos;good
HD Video Player,good;player;video;great;videos
HD Widgets,weather;widget;time;update;clock
HDFC Bank MobileBanking,update;new;hdfc;check;network
HESI A2 Pocket Prep,study;practice;hesi;test;good
HISTORY: Watch TV Show Full Episodes & Specials,watch;ads;would;many;shows
HTC Calendar,htc;slow;making;system;and
HTC File Manager,otg;usb;file;storage;sd
HTC Gallery,htc;gallery;photos;camera;can't
HTC Help,htc;phone;help;update;my
HTC Lock Screen,phone;update;htc;lock;screen
HTC Mail,update;mail;htc;fixed;emails
HTC Sense Input,htc;keyboard;word;phone;even
HTC Sense Input-AR,phone;good;htc;need;nice
HTC Service Ôºç DLNA,music;htc;update;phone;album
HTC Service‚ÄîVideo Player,htc;video;play;player;videos
HTC Social Plugin - Facebook,htc;facebook;get;want;update
HTC Speak,camera;htc;voice;update;fix
HTC Weather,weather;location;city;time;htc
Hacker's Keyboard,keyboard;would;keys;best;get
Hairstyles step by step,good;hair;amazing;love;hairstyles
Hamilton ‚Äî The Official App,love;would;hamilton;see;update
Hangouts,hangouts;it.;call;work;video
Happify,love;absolutely;recommend;everyone.;struggle
Happy Birthday Songs Offline,easy;nice;good;..;know
Happy Fruits Bomb - Cube Blast,game;love;games;fun;level
Happy Street,game;fun;play;time;could
Harkins Theatres,app.;get;love;hate;harkins
Harry Potter: Hogwarts Mystery,game;energy;get;would;make
HauteLook,love;notifications;way;great;get
Hay Day,game;get;love;play;time
Haystack TV: Local & World News - Free,great;news;every;love;when
Headspace: Meditation & Mindfulness,10;day;really;i'm;mins
Health and Nutrition Guide,good;nice;helpful;great;really
HealtheLife,work;see;won't;time;name
Healthy Recipes Free,recipes;healthy;nutritional;great;love
Helix Jump,game;ads;get;still;many
Hello Kitty Lunchbox,game;make;game.;kitty;money
Hello Kitty Nail Salon,game;ad;ads;many;play
Hello Stars,game;good;ads;many;fun
"HelloTalk ‚Äî Chat, Speak & Learn Foreign Languages",if;problem;see;would;hey
Hero Hunters,game;pvp;still;play;gold
"Herpes Dating: 1,000K+ Singles",people;great;new;better;lot
Herpes Positive Singles Dating,dating;people;great;app.;herpes
"Hide App, Private Dating, Safe Chat - PrivacyHider",please;working;whatsapp;open;hide
"Hide Something - Photo, Video",i'm;hide;hidden;photos;know
Hideman VPN,phone;works;work;slow;give
High Blood Pressure Symptoms,good;great;app.;medical;pay
High-Powered Flashlight,good;love;flash;nice;flashlight
"High-Speed Camera (GIF,Burst)",good;camera;best;better;photo
Hill Climb Racing,game;get;time;love;good
Hill Climb Racing 2,game;fun;get;way;love
"Hily: Dating, Chat, Match, Meet & Hook up",never;people;pay;even;it.
Hinge: Dating & Relationships,people;dating;even;likes;better
HipChat - Chat Built for Teams,work;chat;notifications;can't;message
Hipmunk Hotels & Flights,great;easy;good;app.;flight
Hitwe - meet people and chat,many;you;make;fake;get
"Hole19: Golf GPS App, Rangefinder & Scorecard",great;view;hole;app.;easy
Home Decor Showpiece Art making: Medium Difficulty,good;nice;worst;amazing;many
Home Scouting¬Æ MLS Mobile,code;great;listings;waste;see
Home Security Camera WardenCam - reuse old phones,great;works;would;app.;camera
Home Street ‚Äì Home Design Game,love;game;really;time;would
Home Workout - No Equipment,would;get;great;workout;app.
Home Workout for Men - Bodybuilding,great;best;good;really;workout
"Home workouts - fat burning, abs, legs, arms,chest",great;gives;exercises.;30;day
HomeWork,best;homework;world
"Homes.com üè† For Sale, Rent",easy;options;0;love;time
Homescapes,game;get;levels;play;stars
Homesnap Real Estate & Rentals,great;easy;search;clients;real
Homestyler Interior Design & Decorating Ideas,would;design;want;save;add
Homework Planner,homework;would;really;review;also
Honkai Impact 3rd,game;really;would;great;get
Hopper - Watch & Book Flights,prices;flight;hopper;wait;flights
Horoscopes ‚Äì Daily Zodiac Horoscope and Astrology,horoscopes;positive;love;lot;good
Horses Live Wallpaper,love;horses;pictures;beautiful;live
Hostelworld: Hostels & Cheap Hotels Travel App,"great;easy;best;hostels;app,"
Hot Wheels: Race Off,game;get;cars;good;track
HotelTonight: Book amazing deals at great hotels,hotel;great;good;easy;last
Hotels Combined - Cheap deals,good;please;booking;hotels;prices
Hotels.com: Book Hotel Rooms & Find Vacation Deals,hotel;book;pet;find;good
Hotspot Shield Free VPN Proxy & Wi-Fi Security,good;7;days;free;trial
Hotstar,shows;answer;u;please;time
Hotwire Hotel & Car Rental App,would;hotels;hotel;app.;they
Housing-Real Estate & Property,property;posted;.;agents;price
